guide_seq,Activity,GC_content,tandem_repeats,entropy,melting_temperature,contiguous_repetitiveness,MFE,Cas12,Cas13,Cas9,A_count,C_count,T_count,G_count,Pos_1_A,Pos_1_G,Pos_1_T,Pos_1_C,Pos_2_A,Pos_2_G,Pos_2_T,Pos_2_C,Pos_3_A,Pos_3_G,Pos_3_T,Pos_3_C,Pos_4_A,Pos_4_G,Pos_4_T,Pos_4_C,Pos_5_A,Pos_5_G,Pos_5_T,Pos_5_C,Pos_6_A,Pos_6_G,Pos_6_T,Pos_6_C,Pos_7_A,Pos_7_G,Pos_7_T,Pos_7_C,Pos_8_A,Pos_8_G,Pos_8_T,Pos_8_C,Pos_9_A,Pos_9_G,Pos_9_T,Pos_9_C,Pos_10_A,Pos_10_G,Pos_10_T,Pos_10_C,Pos_11_A,Pos_11_G,Pos_11_T,Pos_11_C,Pos_12_A,Pos_12_G,Pos_12_T,Pos_12_C,Pos_13_A,Pos_13_G,Pos_13_T,Pos_13_C,Pos_14_A,Pos_14_G,Pos_14_T,Pos_14_C,Pos_15_A,Pos_15_G,Pos_15_T,Pos_15_C,Pos_16_A,Pos_16_G,Pos_16_T,Pos_16_C,Pos_17_A,Pos_17_G,Pos_17_T,Pos_17_C,Pos_18_A,Pos_18_G,Pos_18_T,Pos_18_C,Pos_19_A,Pos_19_G,Pos_19_T,Pos_19_C,Pos_20_A,Pos_20_G,Pos_20_T,Pos_20_C,Pos_21_A,Pos_21_G,Pos_21_T,Pos_21_C,Pos_22_A,Pos_22_G,Pos_22_T,Pos_22_C,Pos_23_A,Pos_23_G,Pos_23_T,Pos_23_C,Pos_24_A,Pos_24_G,Pos_24_T,Pos_24_C,Pos_25_A,Pos_25_G,Pos_25_T,Pos_25_C,Pos_26_A,Pos_26_G,Pos_26_T,Pos_26_C,Pos_27_A,Pos_27_G,Pos_27_T,Pos_27_C,Pos_28_A,Pos_28_G,Pos_28_T,Pos_28_C,label
CTCAAAAGCTCTGAAAACAAGCGCACCT,0.570196723,0.464285714,0.142857143,0.928979732,0.731769016,0.142857143,0.697175141,0,1,0,0.392857143,0.321428571,0.142857143,0.142857143,0,0,0,1,0,0,1,0,0,0,0,1,1,0,0,0,1,0,0,0,1,0,0,0,1,0,0,0,0,1,0,0,0,0,0,1,0,0,1,0,0,0,0,1,0,0,1,0,0,1,0,0,1,0,0,0,1,0,0,0,1,0,0,0,1,0,0,0,0,0,0,1,1,0,0,0,1,0,0,0,0,1,0,0,0,0,0,1,0,1,0,0,0,0,0,1,1,0,0,0,0,0,0,1,0,0,0,1,0,0,1,0,1
ACTAGTAGATGGAGAAGCACTTTTCAAC,0.575080599,0.392857143,0.214285714,0.975281374,0.696004885,0.142857143,0.725423729,0,1,0,0.357142857,0.178571429,0.25,0.214285714,1,0,0,0,0,0,0,1,0,0,1,0,1,0,0,0,0,1,0,0,0,0,1,0,1,0,0,0,0,1,0,0,1,0,0,0,0,0,1,0,0,1,0,0,0,1,0,0,1,0,0,0,0,1,0,0,1,0,0,0,1,0,0,0,0,1,0,0,0,0,0,1,1,0,0,0,0,0,0,1,0,0,1,0,0,0,1,0,0,0,1,0,0,0,1,0,0,0,0,1,1,0,0,0,1,0,0,0,0,0,0,1,1
AGAGACAAATAATCTCCATGACTAGTAG,0.579312084,0.357142857,0.214285714,0.943880926,0.678122819,0.107142857,0.769491525,0,1,0,0.428571429,0.178571429,0.214285714,0.178571429,1,0,0,0,0,1,0,0,1,0,0,0,0,1,0,0,1,0,0,0,0,0,0,1,1,0,0,0,1,0,0,0,1,0,0,0,0,0,1,0,1,0,0,0,1,0,0,0,0,0,1,0,0,0,0,1,0,0,1,0,0,0,0,1,0,0,0,1,1,0,0,0,0,0,1,0,0,1,0,0,1,0,0,0,0,0,0,1,0,0,1,0,1,0,0,0,0,1,0,0,0,0,1,0,1,0,0,0,0,1,0,0,1
TAATATGCATTGTCGCCATCAAAGGGCT,0.594705355,0.428571429,0.107142857,0.992614068,0.71388695,0.107142857,0.6,0,1,0,0.285714286,0.214285714,0.285714286,0.214285714,0,0,1,0,1,0,0,0,1,0,0,0,0,0,1,0,1,0,0,0,0,0,1,0,0,1,0,0,0,0,0,1,1,0,0,0,0,0,1,0,0,0,1,0,0,1,0,0,0,0,1,0,0,0,0,1,0,1,0,0,0,0,0,1,0,0,0,1,1,0,0,0,0,0,1,0,0,0,0,1,1,0,0,0,1,0,0,0,1,0,0,0,0,1,0,0,0,1,0,0,0,1,0,0,0,0,0,1,0,0,1,0,1
GGAGAAGCACTTTTCAACAGCTCGCCAA,0.600615136,0.5,0.142857143,0.981378524,0.749651082,0.142857143,0.484745763,0,1,0,0.321428571,0.285714286,0.178571429,0.214285714,0,1,0,0,0,1,0,0,1,0,0,0,0,1,0,0,1,0,0,0,1,0,0,0,0,1,0,0,0,0,0,1,1,0,0,0,0,0,0,1,0,0,1,0,0,0,1,0,0,0,1,0,0,0,1,0,0,0,0,1,1,0,0,0,1,0,0,0,0,0,0,1,1,0,0,0,0,1,0,0,0,0,0,1,0,0,1,0,0,0,0,1,0,1,0,0,0,0,0,1,0,0,0,1,1,0,0,0,1,0,0,0,1
TGGATAAAAAGACATATACATCCTAGAT,0.604271425,0.285714286,0.178571429,0.908013161,0.642358688,0.178571429,0.830508475,0,1,0,0.464285714,0.142857143,0.25,0.142857143,0,0,1,0,0,1,0,0,0,1,0,0,1,0,0,0,0,0,1,0,1,0,0,0,1,0,0,0,1,0,0,0,1,0,0,0,1,0,0,0,0,1,0,0,1,0,0,0,0,0,0,1,1,0,0,0,0,0,1,0,1,0,0,0,0,0,1,0,1,0,0,0,0,0,0,1,1,0,0,0,0,0,1,0,0,0,0,1,0,0,0,1,0,0,1,0,1,0,0,0,0,1,0,0,1,0,0,0,0,0,1,0,1
ACCCTTCTAAACATTAAAATCTGTTTCC,0.611236615,0.321428571,0.142857143,0.872452355,0.660240754,0.142857143,0.86779661,0,1,0,0.321428571,0.285714286,0.357142857,0.035714286,1,0,0,0,0,0,0,1,0,0,0,1,0,0,0,1,0,0,1,0,0,0,1,0,0,0,0,1,0,0,1,0,1,0,0,0,1,0,0,0,1,0,0,0,0,0,0,1,1,0,0,0,0,0,1,0,0,0,1,0,1,0,0,0,1,0,0,0,1,0,0,0,1,0,0,0,0,0,1,0,0,0,0,1,0,0,1,0,0,1,0,0,0,0,1,0,0,0,1,0,0,0,1,0,0,0,0,1,0,0,0,1,1
AAAGACATATACATCCTAGATTATATGC,0.614237302,0.285714286,0.142857143,0.914676068,0.642358688,0.107142857,0.631638418,0,1,0,0.428571429,0.178571429,0.285714286,0.107142857,1,0,0,0,1,0,0,0,1,0,0,0,0,1,0,0,1,0,0,0,0,0,0,1,1,0,0,0,0,0,1,0,1,0,0,0,0,0,1,0,1,0,0,0,0,0,0,1,1,0,0,0,0,0,1,0,0,0,0,1,0,0,0,1,0,0,1,0,1,0,0,0,0,1,0,0,1,0,0,0,0,0,1,0,0,0,1,0,1,0,0,0,0,0,1,0,1,0,0,0,0,0,1,0,0,1,0,0,0,0,0,1,1
GCTCTGAAAACAAGCGCACCTCTAGAGA,0.628280102,0.5,0.142857143,0.962087176,0.749651082,0.142857143,0.625988701,0,1,0,0.357142857,0.285714286,0.142857143,0.214285714,0,1,0,0,0,0,0,1,0,0,1,0,0,0,0,1,0,0,1,0,0,1,0,0,1,0,0,0,1,0,0,0,1,0,0,0,1,0,0,0,0,0,0,1,1,0,0,0,1,0,0,0,0,1,0,0,0,0,0,1,0,1,0,0,0,0,0,1,1,0,0,0,0,0,0,1,0,0,0,1,0,0,1,0,0,0,0,1,0,0,1,0,1,0,0,0,0,1,0,0,1,0,0,0,0,1,0,0,1,0,0,0,1
ATCAAACTTTTAAGCTGGTGTCACCAGA,0.631778183,0.392857143,0.142857143,0.981378524,0.696004885,0.142857143,0.413559322,0,1,0,0.321428571,0.214285714,0.285714286,0.178571429,1,0,0,0,0,0,1,0,0,0,0,1,1,0,0,0,1,0,0,0,1,0,0,0,0,0,0,1,0,0,1,0,0,0,1,0,0,0,1,0,0,0,1,0,1,0,0,0,1,0,0,0,0,1,0,0,0,0,0,1,0,0,1,0,0,1,0,0,0,1,0,0,0,0,1,0,0,1,0,0,0,0,1,0,0,0,0,1,1,0,0,0,0,0,0,1,0,0,0,1,1,0,0,0,0,1,0,0,1,0,0,0,1
TGTAATTGTAAGTGATCTCTTGAAAAAA,0.681565532,0.25,0.214285714,0.887915511,0.624476622,0.214285714,0.885875706,0,1,0,0.392857143,0.071428571,0.357142857,0.178571429,0,0,1,0,0,1,0,0,0,0,1,0,1,0,0,0,1,0,0,0,0,0,1,0,0,0,1,0,0,1,0,0,0,0,1,0,1,0,0,0,1,0,0,0,0,1,0,0,0,0,1,0,0,1,0,0,1,0,0,0,0,0,1,0,0,0,0,1,0,0,1,0,0,0,0,1,0,0,1,0,0,0,1,0,0,1,0,0,1,0,0,0,1,0,0,0,1,0,0,0,1,0,0,0,1,0,0,0,1,0,0,0,1
GTAGGGAAATATCAAACTTTTAAGCTGG,0.719028725,0.357142857,0.142857143,0.946076516,0.678122819,0.142857143,0.943502825,0,1,0,0.357142857,0.107142857,0.285714286,0.25,0,1,0,0,0,0,1,0,1,0,0,0,0,1,0,0,0,1,0,0,0,1,0,0,1,0,0,0,1,0,0,0,1,0,0,0,0,0,1,0,1,0,0,0,0,0,1,0,0,0,0,1,1,0,0,0,1,0,0,0,1,0,0,0,0,0,0,1,0,0,1,0,0,0,1,0,0,0,1,0,0,0,1,0,1,0,0,0,1,0,0,0,0,1,0,0,0,0,0,1,0,0,1,0,0,1,0,0,0,1,0,0,1
AACAGAGTACTGAGGCTTTAATGATCAT,0.746661977,0.357142857,0.142857143,0.962087176,0.678122819,0.107142857,0.744632768,0,1,0,0.357142857,0.142857143,0.285714286,0.214285714,1,0,0,0,1,0,0,0,0,0,0,1,1,0,0,0,0,1,0,0,1,0,0,0,0,1,0,0,0,0,1,0,1,0,0,0,0,0,0,1,0,0,1,0,0,1,0,0,1,0,0,0,0,1,0,0,0,1,0,0,0,0,0,1,0,0,1,0,0,0,1,0,0,0,1,0,1,0,0,0,1,0,0,0,0,0,1,0,0,1,0,0,1,0,0,0,0,0,1,0,0,0,0,1,1,0,0,0,0,0,1,0,1
CTGAGGCTTTAATGATCATCTGGATGGC,0.894908531,0.464285714,0.214285714,0.981378524,0.731769016,0.107142857,0.879096045,0,1,0,0.214285714,0.178571429,0.321428571,0.285714286,0,0,0,1,0,0,1,0,0,1,0,0,1,0,0,0,0,1,0,0,0,1,0,0,0,0,0,1,0,0,1,0,0,0,1,0,0,0,1,0,1,0,0,0,1,0,0,0,0,0,1,0,0,1,0,0,1,0,0,0,0,0,1,0,0,0,0,1,1,0,0,0,0,0,1,0,0,0,0,1,0,0,1,0,0,1,0,0,0,1,0,0,1,0,0,0,0,0,1,0,0,1,0,0,0,1,0,0,0,0,0,1,1
CACTTTTCAACAGCTCGCCAAAGCCAGT,0.943711501,0.5,0.142857143,0.962087176,0.749651082,0.142857143,0.745762712,0,1,0,0.285714286,0.357142857,0.214285714,0.142857143,0,0,0,1,1,0,0,0,0,0,0,1,0,0,1,0,0,0,1,0,0,0,1,0,0,0,1,0,0,0,0,1,1,0,0,0,1,0,0,0,0,0,0,1,1,0,0,0,0,1,0,0,0,0,0,1,0,0,1,0,0,0,0,1,0,1,0,0,0,0,0,1,0,0,0,1,1,0,0,0,1,0,0,0,1,0,0,0,0,1,0,0,0,0,0,1,0,0,0,1,1,0,0,0,0,1,0,0,0,0,1,0,1
TGAAAAAATGAATGAATGGAAACCCATG,1.0,0.321428571,0.285714286,0.882654749,0.660240754,0.214285714,0.661016949,0,1,0,0.5,0.107142857,0.178571429,0.214285714,0,0,1,0,0,1,0,0,1,0,0,0,1,0,0,0,1,0,0,0,1,0,0,0,1,0,0,0,1,0,0,0,0,0,1,0,0,1,0,0,1,0,0,0,1,0,0,0,0,0,1,0,0,1,0,0,1,0,0,0,1,0,0,0,0,0,1,0,0,1,0,0,0,1,0,0,1,0,0,0,1,0,0,0,1,0,0,0,0,0,0,1,0,0,0,1,0,0,0,1,1,0,0,0,0,0,1,0,0,1,0,0,1
TACACAAATTGGACATGTTCAGGCCCTG,1.0,0.464285714,0.142857143,0.996307034,0.731769016,0.107142857,0.871186441,0,1,0,0.285714286,0.25,0.25,0.214285714,0,0,1,0,1,0,0,0,0,0,0,1,1,0,0,0,0,0,0,1,1,0,0,0,1,0,0,0,1,0,0,0,0,0,1,0,0,0,1,0,0,1,0,0,0,1,0,0,1,0,0,0,0,0,0,1,1,0,0,0,0,0,1,0,0,1,0,0,0,0,1,0,0,0,1,0,0,0,0,1,1,0,0,0,0,1,0,0,0,1,0,0,0,0,0,1,0,0,0,1,0,0,0,1,0,0,1,0,0,1,0,0,1
